상권_코드,상권_코드_명,kmeans_cluster,상권유형
3110002,독립문역 1번,1,쇠퇴상권
3110003,세검정초등학교,1,쇠퇴상권
3110006,부암동주민센터,1,정체상권
3110008,배화여자대학교(박노수미술관),0,성장상권
3110009,자하문터널,1,기대상권
3110012,성곡미술관,1,성장상권
3110013,체부동홍종문가옥,1,기대상권
3110014,경복고등학교,1,쇠퇴상권
3110015,청와대사랑채,0,성장상권
3110016,평창동동측,1,기대상권
3110017,정독도서관,1,전통강호상권
3110018,중앙고등학교,1,기대상권
3110019,창덕궁,2,성장상권
3110020,서울국제고등학교,2,기대상권
3110021,성균관대학교,2,성장상권
3110022,경신고등학교,1,기대상권
3110023,서울대병원,0,전통강호상권
3110024,혜회동주민센터,1,쇠퇴상권
3110027,혜화역 1번,2,쇠퇴상권
3110028,이화달팽이길,2,쇠퇴상권
3110029,동대문역 1번,2,쇠퇴상권
3110035,동묘앞역 2번,2,기대상권
3110038,경향신문사,0,성장상권
3110040,중구회현체육센터(정화예술대남산캠퍼스),2,정체상권
3110041,남산케이블카,2,기대상권
3110043,충무초등학교,2,기대상권
3110045,동대문역사문화공원역 5번,2,정체상권
3110048,장충동주민센터,2,정체상권
3110049,장충단 고개,2,쇠퇴상권
3110054,청구역 3번,2,기대상권
3110056,신당역 3번,2,정체상권
3110058,성심여자고등학교,2,전통강호상권
3110059,새남터성지,2,쇠퇴상권
3110060,효창공원앞역 6번,2,쇠퇴상권
3110061,효창동주민센터,2,쇠퇴상권
3110062,한강로동땡땡거리(은행나무길),2,정체상권
3110063,효창공원앞역 5번,2,쇠퇴상권
3110064,효창공원앞역 2번,2,쇠퇴상권
3110066,서울역 15번,2,기대상권
3110067,배문고등학교,2,기대상권
3110068,남영역 1번,1,성장상권
3110069,숙대입구,2,성장상권
3110074,서울역 12번,0,성장상권
3110075,숙대입구역 1번,2,성장상권
3110076,삼각지역 14번,0,성장상권
3110077,삼광초등학교,2,전통강호상권
3110079,후암동주민센터,2,기대상권
3110081,해방촌 남동측,2,쇠퇴상권
3110082,용산구청,0,성장상권
3110083,서빙고역 1번,2,쇠퇴상권
3110084,경리단길북측,2,쇠퇴상권
3110085,경리단길남측,2,정체상권
3110087,이태원엔틱가구거리,0,전통강호상권
3110090,한국폴리텍대학서울정수캠퍼스,2,기대상권
3110091,리움미술관,1,성장상권
3110093,우사단길,2,정체상권
3110095,한강진역 3번,1,쇠퇴상권
3110096,한남힐사이드아파트,1,성장상권
3110098,서울독일학교,2,쇠퇴상권
3110102,옥수역 6번,2,정체상권
3110105,금동어린이공원,2,기대상권
3110107,금호사거리,2,쇠퇴상권
3110109,금호삼성래미안아파트,2,쇠퇴상권
3110110,상왕십리역 6번,2,기대상권
3110112,행당역 2번,2,기대상권
3110113,응봉산,2,정체상권
3110115,상왕십리역 3번,2,기대상권
3110118,왕십리역 9번,1,성장상권
3110120,서울숲카페거리,1,쇠퇴상권
3110121,한양대역 4번,2,정체상권
3110122,마장역 2번,2,쇠퇴상권
3110124,뚝섬역교차로,0,성장상권
3110125,사근동살곶이상점가,2,기대상권
3110126,서울숲역 1번,2,기대상권
3110127,성수1가1동주민센터,2,기대상권
3110128,성원중학교,2,쇠퇴상권
3110129,성원어린이공원,2,쇠퇴상권
3110131,성수동카페거리,2,기대상권
3110132,성수2가3동주민센터,2,기대상권
3110134,성수119안전센터,2,기대상권
3110135,성동세무서,2,쇠퇴상권
3110136,경수초등학교,2,기대상권
3110137,성수초등학교,1,성장상권
3110138,송정체육공원,2,쇠퇴상권
3110140,건대입구역 6번,2,기대상권
3110141,건대입구역 1번,2,쇠퇴상권
3110142,화양사거리,2,쇠퇴상권
3110144,어린이대공원역 4번,2,정체상권
3110146,신자초등학교,2,쇠퇴상권
3110147,능동우편취급국,2,쇠퇴상권
3110148,어린이대공원역 3번,2,기대상권
3110150,중곡1동 마을마당,2,쇠퇴상권
3110151,자양한강도서관,2,기대상권
3110152,중곡어린이공원,2,쇠퇴상권
3110154,광진정말공원,2,쇠퇴상권
3110155,광진구청,2,기대상권
3110156,군자역 5번,2,쇠퇴상권
3110157,자양동우체국,2,기대상권
3110158,중곡3동주민센터,2,기대상권
3110159,구의역 4번,2,쇠퇴상권
3110161,중곡역 3번,2,정체상권
3110162,군자역 4번,2,기대상권
3110163,성자초등학교,2,기대상권
3110165,국립정신건강센터,2,정체상권
3110166,구의1동주민센터,2,기대상권
3110167,용마초등학교,2,정체상권
3110169,성동초등학교,2,기대상권
3110170,동대부여고,2,쇠퇴상권
3110173,구남초등학교,2,성장상권
3110174,아차산역 1번,2,기대상권
3110175,푸른동산공원,2,쇠퇴상권
3110176,해오름공원,2,쇠퇴상권
3110178,장로회신학대학교,2,기대상권
3110179,광나루역 1번,0,정체상권
3110180,광진정보도서관,1,전통강호상권
3110183,한국의류시험연구원,2,쇠퇴상권
3110187,제기동역 6번,2,정체상권
3110188,용두동신동아아파트,2,쇠퇴상권
3110190,고대앞사거리,2,쇠퇴상권
3110191,고려대역 6번,2,기대상권
3110195,동대문구청,2,쇠퇴상권
3110204,간데메공원,2,전통강호상권
3110205,경희대삼거리,2,정체상권
3110206,텃골근린공원,2,기대상권
3110207,시립대앞사거리,2,성장상권
3110210,서울시립대,2,성장상권
3110211,전곡마을마당공원,2,기대상권
3110212,답십리초등학교,2,기대상권
3110213,청량초등학교,2,기대상권
3110214,경희대후문,0,성장상권
3110216,전농중학교,2,기대상권
3110218,답십리사거리,2,정체상권
3110219,삼육보건대학교,2,쇠퇴상권
3110220,외대앞역 1번,0,성장상권
3110226,장안1동주민센터,2,쇠퇴상권
3110227,답십리공원,2,기대상권
3110228,장안근린공원,2,쇠퇴상권
3110229,장평중학교,2,쇠퇴상권
3110230,장안현대홈타운1차아파트,2,쇠퇴상권
3110232,동대부고,2,기대상권
3110236,신묵초등학교,2,쇠퇴상권
3110237,메가박스 상봉,2,쇠퇴상권
3110240,태릉시장 특화거리,2,쇠퇴상권
3110241,먹골역 5번,2,기대상권
3110243,중랑노인종합복지관,2,쇠퇴상권
3110244,중화역 4번,2,쇠퇴상권
3110246,월드순복음교회,2,전통강호상권
3110247,먹골역 1번,2,쇠퇴상권
3110249,중화역 1번,2,쇠퇴상권
3110251,장안중학교,2,쇠퇴상권
3110254,오거리공원,2,기대상권
3110255,상봉역 4번,2,쇠퇴상권
3110256,면목2동체육관,2,쇠퇴상권
3110258,면동초등학교,2,쇠퇴상권
3110259,사가정역 1번,2,기대상권
3110261,사가정역 4번,2,기대상권
3110262,상봉역 3번,2,정체상권
3110266,면목동우체국,2,기대상권
3110267,망우역 2번,2,쇠퇴상권
3110272,신내1동주민센터,2,성장상권
3110274,서일대학교,2,기대상권
3110277,러스크서울병원,2,정체상권
3110278,망우본동주민센터,2,기대상권
3110280,북정마을,2,기대상권
3110283,성북초등학교앞,2,기대상권
3110285,홍대부중,2,정체상권
3110286,한성대입구역 5번,2,기대상권
3110288,동구여중,2,쇠퇴상권
3110291,한성대입구역 3번,2,쇠퇴상권
3110293,삼선중학교,2,기대상권
3110294,서경대학교,2,쇠퇴상권
3110295,정릉우체국,2,정체상권
3110296,성신여대입구역 4번,0,정체상권
3110297,경동고등학교,2,쇠퇴상권
3110299,정릉역 1번,2,정체상권
3110300,삼선동주민센터,2,기대상권
3110301,성신여대입구역 7번,2,기대상권
3110302,보문역 8번,2,기대상권
3110303,성신여대입구역 1번,2,쇠퇴상권
3110304,보문역 4번,2,기대상권
3110308,길음역 8번,2,기대상권
3110309,대광초등학교,2,쇠퇴상권
3110312,안암역 2번,0,성장상권
3110313,안암역 3번,2,전통강호상권
3110314,종암경찰서,2,성장상권
3110315,종암아이파크2차,2,기대상권
3110316,숭곡초등학교,2,전통강호상권
3110317,종암중학교,2,성장상권
3110319,종암동주민센터,2,쇠퇴상권
3110323,상월곡역 1번,2,기대상권
3110327,상월곡역 2번,2,기대상권
3110328,상월곡역 3번,2,기대상권
3110330,돌곶이역 1번,2,기대상권
3110331,돌곶이역 8번,2,정체상권
3110333,돌곶이역 5번,2,쇠퇴상권
3110335,석계역 7번,0,성장상권
3110337,아카데미하우스,2,정체상권
3110341,북한산우이역 2번,2,기대상권
3110343,무너미어린이공원,2,쇠퇴상권
3110345,솔밭공원역 2번,2,쇠퇴상권
3110346,4.19민주묘지역 2번,2,전통강호상권
3110348,강북문화예술회관,2,기대상권
3110350,가오리역 2번,2,기대상권
3110354,삼각산119안전센터,2,쇠퇴상권
3110355,삼양사거리역 2번,2,쇠퇴상권
3110359,수유시장옆,2,쇠퇴상권
3110360,수유초등학교,2,기대상권
3110362,우이천 계성교,2,쇠퇴상권
3110367,강북구청,2,쇠퇴상권
3110369,성신여대운정그린캠퍼스,2,쇠퇴상권
3110370,도봉세무서,2,쇠퇴상권
3110371,삼양입구사거리,2,정체상권
3110372,강북중학교,2,기대상권
3110374,송중초등학교,2,쇠퇴상권
3110376,수송초등학교,2,쇠퇴상권
3110377,미아사거리역 3번,2,기대상권
3110378,송중동주민센터,2,기대상권
3110383,덕성여대시반거리,2,기대상권
3110387,쌍문초등학교,2,쇠퇴상권
3110388,도봉우체국,2,기대상권
3110393,국민은행방학지점,2,쇠퇴상권
3110395,신한은행 방학동지점,2,기대상권
3110396,쌍문역1번(쌍리단길),0,성장상권
3110397,도봉산입구,2,쇠퇴상권
3110398,쌍문2동우체국,2,기대상권
3110399,창2동주민센터,2,기대상권
3110403,방학1동주민센터,2,기대상권
3110404,신창초등학교,2,쇠퇴상권
3110406,도봉산역 1번,2,정체상권
3110407,도봉역 2번,2,쇠퇴상권
3110408,가인초등학교,2,기대상권
3110409,창동역 2번,2,성장상권
3110410,방학역 2번,2,정체상권
3110415,수락산역 4번,2,정체상권
3110417,월계역 3번,2,쇠퇴상권
3110418,광운대학교 남단,2,기대상권
3110419,수락산디자인거리,1,쇠퇴상권
3110420,광운대역 1번,2,성장상권
3110421,석계역 1번,2,성장상권
3110424,상계초등학교,2,기대상권
3110425,계상초등학교,2,쇠퇴상권
3110426,상계2동주민센터,2,정체상권
3110428,상계5동주민센터,2,쇠퇴상권
3110429,공릉동 국수거리,2,쇠퇴상권
3110431,상계역,2,성장상권
3110432,대진고등학교,2,쇠퇴상권
3110433,공릉역 2번,2,쇠퇴상권
3110435,서울과학기술대,2,성장상권
3110437,당고개역 2번,2,정체상권
3110438,경춘선숲길 우측,2,기대상권
3110439,당고개역 5번,2,정체상권
3110441,영신여고,2,쇠퇴상권
3110442,화랑대철도공원,2,쇠퇴상권
3110446,내를건너서숲으로도서관,2,정체상권
3110449,증산역 3번,2,기대상권
3110450,시립서북병원,2,기대상권
3110452,새절역 3번,2,쇠퇴상권
3110453,신사1동주민센터,2,기대상권
3110455,역촌노인복지관,2,기대상권
3110456,구산보건지소,2,쇠퇴상권
3110458,선일여고,2,기대상권
3110460,구산역 4번,2,쇠퇴상권
3110463,응암3동주민센터,2,정체상권
3110464,연신내역 5번,2,쇠퇴상권
3110465,연신내역 7번,2,기대상권
3110467,은평요양병원,2,쇠퇴상권
3110468,응암역 3번,2,쇠퇴상권
3110469,응암정보도서관,2,쇠퇴상권
3110470,신진과학기술고등학교,2,쇠퇴상권
3110472,연신내역 4번,2,기대상권
3110473,구산역 1번,2,기대상권
3110475,백련산해모로아파트,2,기대상권
3110477,은평세무서,2,쇠퇴상권
3110481,불광역 7번,2,정체상권
3110485,연신내우체국,2,기대상권
3110486,은평구청,2,성장상권
3110487,불광역 8번,2,쇠퇴상권
3110488,우리은행응암동지점,2,쇠퇴상권
3110492,하나고등학교,1,전통강호상권
3110495,북가좌2동주민센터,2,기대상권
3110498,증산역 1번,2,쇠퇴상권
3110500,남가좌동현대아파트,1,정체상권
3110502,남가좌파출소,2,기대상권
3110503,명지대학교교회,2,기대상권
3110507,명지대학교,2,기대상권
3110508,서연중학교,1,성장상권
3110509,연희대우아파트앞,0,성장상권
3110510,홍연시장,2,정체상권
3110511,연희초등학교,2,기대상권
3110513,연희파출소,1,쇠퇴상권
3110514,서대문우체국,0,성장상권
3110517,서대문소방서,1,쇠퇴상권
3110519,서대문구보건소별관,2,쇠퇴상권
3110520,경의중앙 신촌역,2,쇠퇴상권
3110521,홍제역 4번,2,정체상권
3110524,연희세브란스병원,1,전통강호상권
3110525,홍은종합사회복지관,2,기대상권
3110526,봉원사,1,기대상권
3110528,서울여자간호대학교,2,정체상권
3110532,아현역 2번,2,기대상권
3110537,충정로현대아파트,1,쇠퇴상권
3110539,미근동,2,기대상권
3110541,동교초등학교,2,쇠퇴상권
3110542,마포구청역 7번,2,기대상권
3110543,중암중학교,2,기대상권
3110544,망리단길,3,쇠퇴상권
3110545,마포구청역 1번,2,전통강호상권
3110547,KB국민은행 망원동지점,2,쇠퇴상권
3110548,마포구청역 4번,2,쇠퇴상권
3110550,합정역 8번,2,기대상권
3110551,성서초등학교,2,기대상권
3110553,가좌역 2번,2,쇠퇴상권
3110554,망원역 1번,2,기대상권
3110557,홍대부속여중고앞,2,쇠퇴상권
3110558,경성고등학교,2,기대상권
3110559,성산중학교,2,성장상권
3110560,마포FM,2,기대상권
3110561,상수역 4번,2,성장상권
3110562,연트럴파크(연남동주민센터),1,정체상권
3110564,홍대입구역 3번,2,기대상권
3110566,경의선책거리,3,전통강호상권
3110568,광흥창역 1번,1,쇠퇴상권
3110569,홍대땡땡거리,2,기대상권
3110571,신수동주민센터,1,기대상권
3110572,서강대역 1번,2,정체상권
3110575,대흥동주민센터,2,기대상권
3110576,대흥역 3번,1,정체상권
3110578,대흥역 2번,2,기대상권
3110579,마포역 4번,2,기대상권
3110582,이대역 5번,2,전통강호상권
3110586,서울서부지방법원,2,정체상권
3110587,공덕동주민센터,2,기대상권
3110588,한겨레신문사,2,쇠퇴상권
3110593,신월3동주민센터,2,쇠퇴상권
3110594,신월중학교,2,쇠퇴상권
3110595,메디힐병원,2,기대상권
3110596,서서울호수공원,2,기대상권
3110598,신월문화체육센터,2,기대상권
3110599,신월1파출소,2,기대상권
3110601,신월1동우편취급국,2,기대상권
3110603,지향초등학교,2,정체상권
3110606,신한은행 신월동지점,2,쇠퇴상권
3110608,신월2동주민센터,2,쇠퇴상권
3110612,신정역 5번,2,쇠퇴상권
3110615,신서초등학교,1,정체상권
3110616,양목초등학교,2,쇠퇴상권
3110618,강서고등학교,2,쇠퇴상권
3110620,목동보건지소,2,정체상권
3110621,목동역 5번,1,쇠퇴상권
3110622,달마을공원,2,쇠퇴상권
3110625,신정2동주민센터,1,기대상권
3110626,양화초등학교,2,쇠퇴상권
3110627,신정롯데캐슬아파트,2,기대상권
3110630,공항시장역 1번,2,기대상권
3110632,방화역 3번,2,정체상권
3110634,송정역 3번,2,쇠퇴상권
3110636,방화역 2번,2,기대상권
3110638,신방화역 2번,2,기대상권
3110639,신방화역 8번,2,기대상권
3110640,방화역 1번,2,성장상권
3110641,공항고등학교,2,기대상권
3110643,강서구다솔마을,2,쇠퇴상권
3110645,우장산역 4번,2,성장상권
3110646,푸른들청소년도서관,2,기대상권
3110647,화곡역 5번,2,기대상권
3110649,우장산역 1번,2,기대상권
3110650,우장산힐스테이트,2,쇠퇴상권
3110651,화원중학교,2,쇠퇴상권
3110652,양천향교역 2번,2,기대상권
3110654,까치산역 4번,2,기대상권
3110655,발산역 5번,2,성장상권
3110656,까치산역 3번,2,쇠퇴상권
3110657,양천향교역 5번,1,쇠퇴상권
3110659,화곡역 4번,2,기대상권
3110660,등촌3동주민센터,2,기대상권
3110662,까치산역 1번,2,쇠퇴상권
3110663,우장산롯데캐슬아파트앞,0,성장상권
3110667,가양역 10번,1,기대상권
3110668,화곡2동주민센터,2,쇠퇴상권
3110670,신곡초등학교,2,기대상권
3110671,등촌1동주민센터,2,쇠퇴상권
3110684,서울공연예술고등학교,2,성장상권
3110686,수궁동주민센터,2,쇠퇴상권
3110690,오류2동버들시장,2,쇠퇴상권
3110694,세곡초등학교,2,기대상권
3110695,개봉1동주민센터,2,쇠퇴상권
3110697,개봉3동주민센터,2,쇠퇴상권
3110699,덕의초등학교,2,기대상권
3110701,고척동성당,2,기대상권
3110702,개봉초등학교,2,쇠퇴상권
3110703,개봉역,2,성장상권
3110706,그라운드 고척,2,전통강호상권
3110711,구로초등학교,2,기대상권
3110713,구로보건소,2,기대상권
3110714,구로4동주민센터,2,정체상권
3110716,구로나눔길,0,성장상권
3110717,남구로역 2번,2,기대상권
3110718,한국SGI본부,2,기대상권
3110720,대림역 2번,2,기대상권
3110721,가리봉파출소,2,기대상권
3110722,G타워,2,쇠퇴상권
3110725,가산동주민센터,2,쇠퇴상권
3110726,금천철쭉어린이공원(금하마을),2,쇠퇴상권
3110729,가산동우체국,2,쇠퇴상권
3110731,금천구청역 1번 출입구,2,전통강호상권
3110732,가산초등학교(세일중학교),2,기대상권
3110736,독산119안전센터,2,쇠퇴상권
3110738,문성초등학교,2,쇠퇴상권
3110742,KT금천빌딩(금천구시설관리공단),2,성장상권
3110743,시흥초등학교(시흥1동우체국),2,기대상권
3110744,독산동성당,2,기대상권
3110745,독산동정훈단지,2,쇠퇴상권
3110749,금산초등학교(금천고등학교),2,쇠퇴상권
3110752,한울중학교,2,쇠퇴상권
3110753,시흥동 은행나무사거리,2,정체상권
3110755,동일여자고등학교,2,기대상권
3110756,문래중학교,1,쇠퇴상권
3110757,양평역 2번,2,정체상권
3110759,문래예술촌(문래창작촌),3,기대상권
3110760,선유도역 6번,1,전통강호상권
3110762,선유도역 1번,1,전통강호상권
3110763,영등포구청역 2번,1,성장상권
3110774,당산반도유보라팰리스아파트,2,쇠퇴상권
3110778,구로디지털단지역 4번,2,기대상권
3110789,대림성모병원,2,기대상권
3110792,영등포역 2번,2,성장상권
3110794,영동초등학교,2,기대상권
3110804,신풍역 1번,2,기대상권
3110810,영신초등학교,2,기대상권
3110812,신길6동주민센터,2,성장상권
3110813,보라매역 6번,2,기대상권
3110814,서울지방병무청,2,기대상권
3110815,공군호텔,2,정체상권
3110819,신대방역 4번,2,기대상권
3110820,성남고등학교,2,기대상권
3110821,보라매역 2번,2,기대상권
3110824,대방역 3번,2,쇠퇴상권
3110825,신대방삼거리역 1번,2,기대상권
3110826,장승배기역 4번,2,기대상권
3110827,NH농협은행 상도동지점,2,전통강호상권
3110828,노량진역 6번,2,기대상권
3110830,상도초등학교,2,쇠퇴상권
3110833,상도역 2번,2,쇠퇴상권
3110836,상도역 5번,1,기대상권
3110837,숭실대입구역 1번,2,쇠퇴상권
3110839,숭실대입구역 4번,0,성장상권
3110840,중앙대학교,2,정체상권
3110842,흑리단길,2,기대상권
3110846,남성역 1번,2,기대상권
3110848,양지어린이공원,2,쇠퇴상권
3110850,사당역 10번,2,기대상권
3110852,이수역 9번,2,기대상권
3110853,KT구로지사,2,기대상권
3110855,신대방역 2번,2,쇠퇴상권
3110856,미성초등학교,2,쇠퇴상권
3110858,신대방역 1번,2,쇠퇴상권
3110861,관악구신사동주민센터,2,기대상권
3110863,난우초등학교,2,정체상권
3110865,남강고등학교(남강중학교),0,정체상권
3110866,난우중학교,2,쇠퇴상권
3110868,남부초등학교,2,기대상권
3110869,"신림역 5번(신림동주민센터, 신림동별빛거리)",2,쇠퇴상권
3110871,신원동주민센터,2,기대상권
3110873,당곡중학교,2,쇠퇴상권
3110875,보라매동주민센터(당곡고등학교),2,기대상권
3110877,신림역 8번,2,성장상권
3110881,구립대학경로당(관악산샘말공원),2,성장상권
3110882,신성초등학교,2,쇠퇴상권
3110883,은천초등학교(은천교앞),2,기대상권
3110884,봉천역 4번(봉천110안전센터),2,기대상권
3110885,영락고등학교,2,쇠퇴상권
3110886,관악해태어린이공원,2,기대상권
3110888,청룡동주민센터,2,쇠퇴상권
3110890,봉천역 1번(관악초등학교),2,기대상권
3110891,구암초등학교,2,쇠퇴상권
3110892,관악구 중앙길,2,정체상권
3110895,샤로수길,2,정체상권
3110896,관악우성아파트,2,쇠퇴상권
3110900,낙성대역 1번(관악구민 종합체육센터),2,쇠퇴상권
3110901,인헌고등학교(인헌중학교),2,쇠퇴상권
3110902,사당역 4번,2,기대상권
3110903,방배아이파크아파트,1,기대상권
3110904,이수역 5번,1,전통강호상권
3110907,방배초등학교,2,쇠퇴상권
3110912,방배동사이길,0,성장상권
3110913,방현초등학교(방배119안전센터),2,쇠퇴상권
3110915,서래초등학교,1,전통강호상권
3110916,내방역 4번,2,전통강호상권
3110921,서울프랑스학교,1,전통강호상권
3110922,내방역 1번,1,쇠퇴상권
3110925,서초중학교,1,기대상권
3110926,신중초등학교,1,쇠퇴상권
3110929,남부터미널역 1번,1,쇠퇴상권
3110930,서초동성당,1,쇠퇴상권
3110931,삼성전자서울R&D(서울우면초등학교),1,정체상권
3110934,우면주공아파트,1,쇠퇴상권
3110936,더케이호텔(양재리본타워2단지아파트),0,성장상권
3110937,방아다리근린공원(횃불트리니티신학대학원대학교),1,정체상권
3110938,바우뫼공원,1,정체상권
3110939,양재역 8번(양재동우체국),1,성장상권
3110942,염곡동 구룡사(포이동성당),2,쇠퇴상권
3110943,법제교육센터(버들어린이공원),2,기대상권
3110949,한남IC,1,기대상권
3110951,신사은행나무공원,2,기대상권
3110954,국기원,0,성장상권
3110955,논현초등학교,2,쇠퇴상권
3110957,언북중학교,1,기대상권
3110958,역삼역 4번,1,기대상권
3110961,언주역 3번,2,기대상권
3110965,언주역 6번,2,정체상권
3110966,논현2동주민센터,2,정체상권
3110967,역삼역 8번,2,기대상권
3110968,강남구청역 2번,1,기대상권
3110972,강남세브란스병원미래의학연구센터,2,전통강호상권
3110976,언북초등학교,2,정체상권
3110981,국악고교사거리,2,정체상권
3110983,국립국악고등학교,2,기대상권
3110984,포이초등학교(개포목련어린이공원),2,기대상권
3110985,청담근린공원,1,쇠퇴상권
3110989,대치동아우편취급국,1,기대상권
3110992,도곡초등학교,1,기대상권
3110994,개포고등학교,2,기대상권
3110996,대치2동주민센터,1,전통강호상권
3110997,대청초등학교,2,기대상권
3110998,은곡마을(은곡마을공원),0,전통강호상권
3110999,윗방죽마을공원,1,전통강호상권
3111001,아래방죽마을공원(율현초등학교),1,정체상권
3111003,삼전역 4번,0,성장상권
3111004,삼전역 1번,2,쇠퇴상권
3111005,삼전역 3번,2,쇠퇴상권
3111006,석촌고분역 1번,2,기대상권
3111007,석촌고분역 4번,2,기대상권
3111010,석촌역 7번,2,기대상권
3111012,석촌역 6번,2,쇠퇴상권
3111013,송파나루역 1번(송리단길),3,기대상권
3111015,석촌역 3번,2,쇠퇴상권
3111016,송파역 2번,2,기대상권
3111017,송파나루역 3번,2,기대상권
3111019,한성백제역 3번,2,기대상권
3111020,방이동고분군(방산고등학교),2,기대상권
3111021,방이역 4번,2,정체상권
3111022,석촌중학교(방이육교),2,기대상권
3111023,문정역 1번,2,쇠퇴상권
3111024,경찰병원역 4번(건너말공원),2,쇠퇴상권
3111025,경찰병원역 3번,2,정체상권
3111026,문정역 2번,2,기대상권
3111027,문정초등학교,2,정체상권
3111028,문현중학교(장지역 1번),2,기대상권
3111030,방이역 2번,2,쇠퇴상권
3111031,장지동주민센터(한림연예예술고교),2,기대상권
3111032,방이역 1번,1,쇠퇴상권
3111034,오동나무공원(송파레미니스1단지),2,쇠퇴상권
3111035,오금공원(오주중학교),2,쇠퇴상권
3111036,투구봉어린이공원,2,기대상권
3111038,보인중학교,2,성장상권
3111039,벌말어린이공원,2,정체상권
3111042,거여역 1번(거여공원),2,쇠퇴상권
3111044,남천초등학교,2,정체상권
3111046,마천역(마천초등학교),2,성장상권
3111048,천호역 1번(천호문구완구거리),2,기대상권
3111049,천호지구대(천호동자전거거리),2,기대상권
3111050,강동구청(강동구청역 2번),2,정체상권
3111051,천호역 6번,2,기대상권
3111052,암사역 3번(천호동자전거거리),2,쇠퇴상권
3111053,성내천어린이공원(하니사랑길),2,정체상권
3111057,천호공원(해공체육문화센터),2,쇠퇴상권
3111059,강동역 4번(강풀만화거리),2,정체상권
3111060,암사역 2번(서울강동초등학교),2,기대상권
3111061,암사역 1번,2,쇠퇴상권
3111062,둔촌동역 3번(성내3동주민센터),2,기대상권
3111064,둔촌동역 4번,2,기대상권
3111066,암사동성당(효정하나플러스아파트),2,쇠퇴상권
3111067,강동구립성내도서관,2,쇠퇴상권
3111068,강동성심병원,0,성장상권
3111069,천호1동주민센터,2,기대상권
3111071,천동초등학교,2,쇠퇴상권
3111072,굽은다리역 1번(십자성마을),2,쇠퇴상권
3111073,둔촌동역 1번(한산중학교),2,쇠퇴상권
3111076,둔촌2동주민센터,2,성장상권
3111077,길동주민센터(강동도서관),2,정체상권
3111078,굽은다리역 4번,2,기대상권
3111080,굽은다리역 3번,0,성장상권
3111083,GS강동자이아파트,0,성장상권
3111085,묘곡초등학교(고덕아이파크아파트),2,쇠퇴상권
3111086,한영중고,2,기대상권
3111087,고덕중학교(고덕2동주민센터),2,기대상권
3111088,고덕동성당,2,쇠퇴상권
3111089,상일여고(상일초등학교),2,기대상권
3120001,서대문역,2,정체상권
3120002,서촌(경복궁역),0,성장상권
3120003,광화문역,3,성장상권
3120004,종로구청,1,성장상권
3120005,삼청동,0,전통강호상권
3120006,종각역,3,성장상권
3120007,북촌(안국역),0,성장상권
3120008,인사동,0,성장상권
3120009,종로3가역,3,성장상권
3120010,원남동사거리,2,정체상권
3120011,종로4가,1,정체상권
3120012,대학로(혜화역),3,성장상권
3120013,이화사거리,0,성장상권
3120014,종로5가역,0,성장상권
3120015,종로6가,2,성장상권
3120016,동대문역,2,쇠퇴상권
3120017,동묘앞역(동묘),2,성장상권
3120018,중림동,1,성장상권
3120019,경찰청앞교차로,0,성장상권
3120020,시청역_1번,0,성장상권
3120021,시청역_8번,0,전통강호상권
3120022,북창동(시청역_6번),0,정체상권
3120023,서울시청,0,정체상권
3120024,회현역,2,기대상권
3120026,을지로입구역,0,성장상권
3120027,명동역(명동재미로),0,정체상권
3120028,명동(명동거리),3,성장상권
3120029,을지로2가,2,성장상권
3120030,중부경찰서(영화인의거리),0,성장상권
3120031,을지로3가역,3,성장상권
3120032,충무로역,3,성장상권
3120033,을지로4가역,2,기대상권
3120034,중구청(퇴계로4가),1,기대상권
3120035,퇴계로5가,2,전통강호상권
3120036,장충동족발거리(남소영길),0,성장상권
3120037,동대문역사문화공원역,3,성장상권
3120038,약수역,2,쇠퇴상권
3120039,신당역,2,기대상권
3120040,용산전자상가(용산역),1,정체상권
3120041,신용산역(용산역),3,기대상권
3120042,"숙대입구역(남영역, 남영동)",0,성장상권
3120043,서울역,0,성장상권
3120044,삼각지역,1,정체상권
3120045,남영동 먹자골목,0,성장상권
3120046,이태원(이태원역),3,성장상권
3120047,한남오거리,1,기대상권
3120048,금호역,2,정체상권
3120049,왕십리역(왕십리),2,기대상권
3120050,서울숲역,2,기대상권
3120051,뚝섬역,3,전통강호상권
3120052,성수역,0,전통강호상권
3120053,건대입구역(건대),3,성장상권
3120054,어린이대공원역,2,기대상권
3120055,군자역,2,기대상권
3120056,구의역,2,기대상권
3120057,아차산역,0,성장상권
3120058,구의사거리,2,쇠퇴상권
3120059,구삼강변맛길,1,성장상권
3120061,올림픽대교북단,2,기대상권
3120062,신설동역,2,기대상권
3120063,청량리역(청량리),2,쇠퇴상권
3120064,경희대학교(경희대),0,성장상권
3120065,회기역,2,정체상권
3120066,장한평역(장한평),2,기대상권
3120067,장안동사거리,2,기대상권
3120068,사가정역,0,정체상권
3120069,상봉역,1,기대상권
3120070,한성대입구역,2,정체상권
3120071,성북구청,2,쇠퇴상권
3120072,성신여대,3,성장상권
3120073,미아사거리,2,성장상권
3120075,월곡역,2,성장상권
3120076,수유역,3,성장상권
3120077,미아역,2,기대상권
3120078,미아사거리역,2,성장상권
3120079,창동역,2,성장상권
3120081,노원역,3,전통강호상권
3120082,상계백병원,2,기대상권
3120083,등나무근린공원,1,성장상권
3120084,공릉역,0,성장상권
3120085,은행사거리,1,쇠퇴상권
3120086,태릉입구역,1,성장상권
3120087,응암역,0,성장상권
3120088,구산역,0,성장상권
3120089,구파발역,1,전통강호상권
3120090,연신내역,2,성장상권
3120091,본서부병원,2,쇠퇴상권
3120092,불광역,2,기대상권
3120093,연희동,0,성장상권
3120094,"신촌역(신촌역, 신촌로터리)",3,성장상권
3120095,홍제역,2,정체상권
3120096,"이화여대(이대역, 이대)",1,성장상권
3120097,충정로역,1,전통강호상권
3120100,망원역,2,정체상권
3120101,합정역,1,성장상권
3120102,서교동(홍대),3,기대상권
3120103,홍대입구역(홍대),3,성장상권
3120104,연남동(홍대),3,정체상권
3120105,상수역(홍대),0,성장상권
3120106,마포역,1,기대상권
3120107,공덕역(공덕오거리),1,성장상권
3120108,신정네거리역,2,정체상권
3120109,서울남부지방법원,2,정체상권
3120110,목동역 8번출구,2,기대상권
3120111,목동사거리,2,정체상권
3120112,등촌역,0,성장상권
3120113,오목교역,1,정체상권
3120114,목동신시가지,1,정체상권
3120116,송정역,2,성장상권
3120119,발산역(마곡),3,정체상권
3120120,화곡역,0,정체상권
3120121,까치산역,2,기대상권
3120122,강서구청,2,기대상권
3120123,오류동역,2,전통강호상권
3120124,개봉동 현대아파트,2,기대상권
3120125,구로역,1,기대상권
3120127,구로구청,2,성장상권
3120128,신도림역,1,전통강호상권
3120129,구로디지털단지,3,정체상권
3120130,구로디지털단지역,0,성장상권
3120131,가산디지털단지,3,전통강호상권
3120132,독산동,2,기대상권
3120133,서울시흥동우체국(홈플러스시흥점),2,쇠퇴상권
3120134,구로전화국,2,쇠퇴상권
3120135,양평역,2,성장상권
3120136,영등포구청역,2,전통강호상권
3120138,당산2동(영등포우체국),0,전통강호상권
3120139,대림3동사거리,2,정체상권
3120140,문래동주민센터,1,성장상권
3120141,영등포청과시장교차로,2,쇠퇴상권
3120142,대림역,2,정체상권
3120143,당산역,0,전통강호상권
3120144,영중로,2,쇠퇴상권
3120145,영등포역(영등포),3,성장상권
3120146,한강성심병원,2,기대상권
3120147,보라매역,2,정체상권
3120148,국회의사당역(국회의사당),3,성장상권
3120149,여의도역(여의도),3,성장상권
3120150,63빌딩,1,전통강호상권
3120151,보라매공원,0,성장상권
3120152,신대방삼거리역,2,정체상권
3120153,노량진역(노량진),2,성장상권
3120154,장승배기역,2,기대상권
3120156,"총신대입구역(이수, 총신대)",3,성장상권
3120157,신림역(신림),3,정체상권
3120158,녹두거리(대학동),2,전통강호상권
3120159,서울대입구역,3,정체상권
3120160,사당역(사당),0,성장상권
3120161,방배동가구거리(사당동가구거리),2,쇠퇴상권
3120162,방배동카페골목,0,정체상권
3120163,사당역 11번(사당역먹자골목),2,기대상권
3120164,내방역,0,성장상권
3120165,서래마을카페거리(서래마을),1,성장상권
3120166,방배역,1,정체상권
3120167,고속터미널(고속터미널역),1,기대상권
3120168,서울고교교차로,1,정체상권
3120169,서초역,1,성장상권
3120170,삼호가든사거리,0,성장상권
3120171,서초3동사거리,1,성장상권
3120172,교대입구교차로,1,성장상권
3120173,교대역(법원.검찰청),3,성장상권
3120175,남부터미널역,1,성장상권
3120176,논현역 4번,2,쇠퇴상권
3120177,신논현역 1번,2,전통강호상권
3120178,신사역,3,성장상권
3120179,양재역,3,성장상권
3120180,양재화물트럭터미널앞,2,전통강호상권
3120181,교육개발원입구사거리,2,쇠퇴상권
3120182,"양재시민의숲역(양재동꽃시장, aT센터)",0,성장상권
3120183,양재천카페거리,1,기대상권
3120184,포이사거리(삼호물산),0,성장상권
3120185,논현역,3,성장상권
3120186,가로수길,3,전통강호상권
3120187,신논현역,3,정체상권
3120188,압구정역,1,전통강호상권
3120189,강남역,3,성장상권
3120190,강남을지병원,1,정체상권
3120191,학동역,0,성장상권
3120192,뱅뱅사거리,3,정체상권
3120193,도산공원교차로,2,기대상권
3120194,언주역(차병원),0,성장상권
3120195,성수대교남단,1,기대상권
3120196,서울세관,1,전통강호상권
3120197,역삼역,3,성장상권
3120198,구역삼세무서,0,성장상권
3120199,경복아파트교차로,0,성장상권
3120200,학동사거리,0,전통강호상권
3120201,도곡1동,1,전통강호상권
3120202,압구정로데오역(압구정로데오),1,정체상권
3120203,강남구청역,0,성장상권
3120204,르네상스호텔사거리,0,성장상권
3120205,매봉역,0,전통강호상권
3120206,개나리아파트,1,정체상권
3120207,선정릉역,1,기대상권
3120208,청담사거리(청담동명품거리),1,전통강호상권
3120209,"강남구청(청담역_8번, 강남세무서)",1,기대상권
3120210,선릉역,3,정체상권
3120211,도성초등학교,1,성장상권
3120212,한티역,1,성장상권
3120213,삼성중앙역,1,성장상권
3120214,영동대교남단교차로,1,쇠퇴상권
3120215,포스코사거리,3,성장상권
3120216,경기고교사거리(경기고교앞사거리),1,쇠퇴상권
3120217,대치사거리,0,전통강호상권
3120219,은마아파트,1,성장상권
3120220,대치역,1,성장상권
3120221,봉은사역,1,전통강호상권
3120222,삼성역,0,성장상권
3120223,휘문고교사거리,1,기대상권
3120224,수서역,0,성장상권
3120225,잠실새내역(신천),3,성장상권
3120226,석촌고분역,0,성장상권
3120227,잠실역,3,성장상권
3120228,석촌역(석촌호수),0,성장상권
3120229,방이동먹자골목,0,성장상권
3120230,송파사거리(송파역),2,기대상권
3120232,송파나루역,2,정체상권
3120233,몽촌토성역,2,정체상권
3120234,가락시장역,1,성장상권
3120235,문정역,3,기대상권
3120236,장지역(가든파이브),1,성장상권
3120237,경찰병원역,2,정체상권
3120238,방이역,0,전통강호상권
3120239,오금역,2,기대상권
3120240,개롱역,2,기대상권
3120241,거여역,2,정체상권
3120242,강동구청역,2,기대상권
3120243,천호역,1,기대상권
3120244,암사역,2,쇠퇴상권
3120245,둔촌역,2,기대상권
3120246,길동역,0,성장상권
3120247,굽은다리역,2,기대상권
3120248,명일역,2,기대상권
3120249,고덕역,0,성장상권
3130001,통인시장,0,성장상권
3130002,세종마을음식문화거리(금천교시장),2,기대상권
3130007,광장시장(광장전통시장),2,성장상권
3130010,종로신진시장,2,기대상권
3130015,창신골목시장,2,기대상권
3130018,동대문문구완구거리(동대문문구완구시장),2,쇠퇴상권
3130024,남대문시장(자유상가),0,성장상권
3130032,인현시장,2,쇠퇴상권
3130033,대림상가(청계상가),2,기대상권
3130035,방산종합시장(방산시장),2,정체상권
3130036,중부시장(신중부시장),2,기대상권
3130042,약수시장,2,쇠퇴상권
3130048,동평화시장,0,성장상권
3130051,동화동 골목형상점가,2,쇠퇴상권
3130056,용산용문시장,2,쇠퇴상권
3130060,신흥시장,4,기대상권
3130063,신금호역 골목형상점가,2,전통강호상권
3130065,무학봉상점가,2,쇠퇴상권
3130066,행당시장상점가,2,정체상권
3130067,왕십리도선동상점가,2,쇠퇴상권
3130068,마장축산물시장,2,성장상권
3130069,"한양대앞상점가(한양시장, 왕십리맛골목)",2,기대상권
3130070,뚝섬역상점가,2,전통강호상권
3130072,성동용답상가시장,2,정체상권
3130076,능동로골목시장,2,쇠퇴상권
3130083,"중곡제일시장(중곡제일골목시장, 광성시장)",2,기대상권
3130086,서울약령시장,2,쇠퇴상권
3130094,청량리청과물시장,2,기대상권
3130095,청량리전통시장,2,쇠퇴상권
3130098,회기시장,2,쇠퇴상권
3130099,전농로터리시장,2,정체상권
3130100,답십리시장,2,정체상권
3130106,중랑동부시장,2,성장상권
3130110,면목골목시장(면목시장),2,기대상권
3130111,"동원전통종합시장(동원시장, 동원전통시장 상점가)",2,성장상권
3130112,사가정시장,2,쇠퇴상권
3130115,우림골목시장,2,쇠퇴상권
3130117,정릉시장,2,기대상권
3130132,삼양골목시장(삼양시장),2,쇠퇴상권
3130139,강북종합전통시장(강북종합골목시장),2,기대상권
3130140,숭인시장,2,쇠퇴상권
3130146,쌍문시장(쌍문역골목시장),2,정체상권
3130147,쌍문역동측상점가,2,쇠퇴상권
3130148,방학동도깨비시장,2,기대상권
3130149,창동신창시장,2,쇠퇴상권
3130152,오!도봉거리 상점가,2,기대상권
3130159,공릉동 도깨비시장,2,기대상권
3130163,응암오거리상점가,2,쇠퇴상권
3130166,응암시장(신응암시장),2,쇠퇴상권
3130167,연신내상점가(연빛거리),2,정체상권
3130171,불광먹자골목 골목형상점가,2,기대상권
3130175,신촌 상인회(신촌상점가),0,성장상권
3130178,이대 앞 스타트업 상점가,2,기대상권
3130179,"이화여대 3,5,7길 상점가",0,성장상권
3130181,아현가구거리상점가,2,기대상권
3130183,상암동상점가,0,정체상권
3130185,망원월드컵시장,2,쇠퇴상권
3130186,망원시장,2,기대상권
3130190,홍대소상공인상점가,0,성장상권
3130191,홍대 걷고싶은 거리,0,성장상권
3130192,동진시장,1,쇠퇴상권
3130194,용강동 상점가,1,쇠퇴상권
3130195,도화동 상점가,0,성장상권
3130204,경창시장,2,기대상권
3130208,목동깨비시장(목3동시장),2,기대상권
3130210,목2동시장,2,기대상권
3130214,송화벽화시장(송화골목시장),2,정체상권
3130216,화곡중앙시장,2,성장상권
3130219,까치산시장,2,쇠퇴상권
3130221,"남부골목시장(남부화곡시장, 남부시장)",2,기대상권
3130225,개봉중앙시장,2,전통강호상권
3130227,고척골목시장상점가(그라운드 고척),2,기대상권
3130229,남구로시장,2,쇠퇴상권
3130235,대명여울빛거리시장(대명시장),2,성장상권
3130236,비단길현대시장(현대시장),2,전통강호상권
3130238,은행나무시장,2,기대상권
3130241,선유도역 골목형상점가,1,기대상권
3130258,영진시장A동,2,쇠퇴상권
3130261,성대전통시장(성대시장),2,성장상권
3130265,노량진중앙시장,0,성장상권
3130268,상도전통시장,2,전통강호상권
3130273,남성사계시장(남성시장),2,성장상권
3130274,사당1동먹자골목상점가(사당1동먹자골목),0,성장상권
3130285,서원동상점가,0,성장상권
3130290,영림시장,2,기대상권
3130294,관악중부시장,2,성장상권
3130295,인헌시장(원당종합시장),2,기대상권
3130303,영동전통시장,2,쇠퇴상권
3130306,강남언주로,2,기대상권
3130311,새마을시장,2,기대상권
3130312,석촌시장,2,쇠퇴상권
3130313,방이시장,0,성장상권
3130314,풍납시장,2,쇠퇴상권
3130315,문정동 로데오거리 상점가(문정동 로데오거리),2,쇠퇴상권
3130318,로데오거리상점가,1,성장상권
3130321,장신구 특화거리 상점가,2,쇠퇴상권
3130323,둔촌역전통시장,2,기대상권
3001491,이태원 관광특구,3,정체상권
3001492,명동 남대문 북창동 다동 무교동 관광특구,3,성장상권
3001493,동대문패션타운 관광특구,3,기대상권
3001494,종로·청계 관광특구,3,성장상권
3001495,잠실 관광특구,3,성장상권
